customer_id,customer_name,gender,age,city,signup_date,loyalty_tier
1,Aryan Maharaj,M,19,Pune,2024-12-03,SILVER
2,Liam Chaudry,M,26,Mumbai,2025-11-03,GOLD
3,Pahal Balay,F,20,Delhi,2024-06-19,GOLD
4,Tejas Kaul,M,32,Kanpur,2025-06-23,GOLD
5,Rushil Saini,M,59,Kanpur,2024-11-14,REGULAR
6,Arunima Ahuja,M,46,Kolkata,2026-01-06,PLATINUM
7,Pahal Oak,M,28,Jaipur,2024-12-28,PLATINUM
8,Tanveer Nayar,F,27,Hyderabad,2024-08-14,PLATINUM
9,Lajita Chatterjee,M,23,Jaipur,2025-03-01,GOLD
10,Aishani Bassi,F,40,Kolkata,2025-12-14,PLATINUM
11,Jeet Radhakrishnan,M,47,Kanpur,2024-07-27,GOLD
12,Janaki Handa,F,23,Kanpur,2025-11-25,PLATINUM
13,Chakradev Kari,F,54,Hyderabad,2026-01-17,GOLD
14,Fariq Kaul,M,60,Hyderabad,2026-03-31,PLATINUM
15,Lajita Mall,M,32,Mumbai,2025-05-14,REGULAR
16,Nicholas Prabhakar,F,47,Ahemdabad,2025-02-26,PLATINUM
17,Amara Bora,M,41,Chennai,2025-09-12,SILVER
18,Yash Gade,F,59,Mumbai,2025-05-21,SILVER
19,Anamika Kanda,M,28,Chandigarh,2025-11-09,REGULAR
20,Daksh Karnik,F,58,Kanpur,2026-02-24,SILVER
21,Diya Rattan,F,21,Hyderabad,2024-12-20,GOLD
22,Siddharth Murty,F,43,Pune,2024-11-08,GOLD
23,Meghana Shanker,M,54,Chennai,2024-09-14,SILVER
24,Liam Koshy,F,43,Ahemdabad,2025-12-26,REGULAR
25,Priya Rastogi,M,34,Bangalore,2025-03-04,SILVER
26,Lakshit Upadhyay,F,55,Jaipur,2025-06-14,REGULAR
27,Champak Choudhary,F,32,Bangalore,2024-09-22,REGULAR
28,Pahal Bhatt,M,21,Mumbai,2025-03-21,SILVER
29,Upadhriti Wadhwa,M,45,Kolkata,2024-12-08,GOLD
30,Ishwar Yadav,F,42,Kolkata,2025-12-31,REGULAR
31,Harini Choudhury,F,53,Delhi,2025-01-09,GOLD
32,Nakul Setty,F,59,Chennai,2024-05-29,GOLD
33,Xiti Gokhale,F,45,Bangalore,2025-06-25,REGULAR
34,Chanchal Tripathi,M,34,Kanpur,2025-09-12,SILVER
35,Michael Prakash,M,58,Pune,2026-01-09,SILVER
36,Aadi Naik,M,41,Bangalore,2025-06-10,GOLD
37,Isaac Patil,F,49,Delhi,2026-04-09,GOLD
38,Wriddhish Bhardwaj,F,37,Hyderabad,2024-11-30,GOLD
39,Frederick Sunder,M,54,Mumbai,2026-02-19,GOLD
40,Jeremiah Dave,F,22,Kanpur,2025-10-21,SILVER
41,Noah Lanka,M,60,Chandigarh,2025-07-10,SILVER
42,Siddharth Zacharia,F,51,Kolkata,2026-01-03,REGULAR
43,Devika Rastogi,M,52,Hyderabad,2025-10-30,PLATINUM
44,Raksha Varughese,F,60,Ahemdabad,2025-05-12,PLATINUM
45,Yug Kar,F,51,Chandigarh,2024-07-15,GOLD
46,Ansh Karpe,M,32,Mumbai,2025-08-27,PLATINUM
47,Abhimanyu Bobal,M,55,Kanpur,2025-11-27,SILVER
48,Veer Bir,M,18,Mumbai,2026-04-30,GOLD
49,Ganga Bobal,M,22,Delhi,2025-06-30,PLATINUM
50,Arya Sunder,M,50,Hyderabad,2024-11-09,PLATINUM
51,Urvashi Kibe,F,31,Kanpur,2026-01-26,SILVER
52,Niharika Gupta,F,33,Chandigarh,2024-08-08,REGULAR
53,Raagini Pandya,M,24,Mumbai,2025-04-21,REGULAR
54,Unni Bhagat,F,45,Jaipur,2025-11-01,REGULAR
55,Darsh Rau,M,59,Ahemdabad,2025-12-13,GOLD
56,Ikbal Kothari,M,43,Chennai,2024-10-22,GOLD
57,Saumya Dey,M,30,Hyderabad,2025-04-19,REGULAR
58,Arya Shere,M,45,Bangalore,2024-12-07,PLATINUM
59,Saanvi Chaudhari,F,33,Mumbai,2024-07-05,REGULAR
60,Girik Khalsa,M,21,Ahemdabad,2024-10-03,GOLD
61,Vedika Srivastava,M,33,Bangalore,2024-11-09,REGULAR
62,Daniel Gala,F,48,Hyderabad,2025-03-17,REGULAR
63,Madhavi Lanka,M,28,Jaipur,2026-05-16,GOLD
64,Bhavika Sampath,F,34,Chandigarh,2025-11-19,PLATINUM
65,Mohammed Gupta,F,53,Ahemdabad,2025-01-12,REGULAR
66,Dalbir Bhat,M,30,Pune,2025-12-28,SILVER
67,Dakshesh Bedi,M,55,Kanpur,2025-08-23,GOLD
68,Yadavi Wali,F,21,Delhi,2024-09-26,REGULAR
69,Yashoda Buch,M,21,Kanpur,2026-03-19,GOLD
70,Ekapad Bir,M,22,Kolkata,2025-11-02,GOLD
71,Netra Dar,M,43,Mumbai,2026-04-18,SILVER
72,Balveer Bumb,M,57,Mumbai,2025-04-17,REGULAR
73,Advika Jayaraman,F,34,Hyderabad,2025-10-29,PLATINUM
74,William Lanka,M,34,Jaipur,2025-03-30,SILVER
75,Charita Shankar,F,47,Chennai,2025-01-27,GOLD
76,Aditya Shanker,M,47,Kolkata,2025-09-21,GOLD
77,Ethan Yogi,M,52,Hyderabad,2024-11-08,PLATINUM
78,Kevin Palla,M,40,Mumbai,2026-04-11,SILVER
79,Yash Pingle,F,36,Bangalore,2025-01-03,REGULAR
80,Raksha Mittal,F,57,Ahemdabad,2025-09-14,GOLD
81,Chandani Chawla,F,60,Mumbai,2026-05-26,SILVER
82,Aishani D’Alia,F,25,Mumbai,2026-04-18,SILVER
83,Nachiket Magar,F,36,Kolkata,2024-12-31,SILVER
84,Hemal Jani,F,31,Ahemdabad,2025-11-11,PLATINUM
85,Yashasvi Suresh,F,34,Delhi,2024-12-08,GOLD
86,George Sampath,F,35,Delhi,2026-03-02,GOLD
87,Chaitanya Aggarwal,F,26,Ahemdabad,2025-02-10,PLATINUM
88,Adweta Edwin,M,46,Kanpur,2025-12-23,REGULAR
89,Prisha Andra,M,25,Mumbai,2024-08-21,SILVER
90,Manthan Banik,M,41,Kolkata,2026-03-06,SILVER
91,Manbir Sani,F,26,Delhi,2024-09-02,PLATINUM
92,Darika Patla,F,20,Chennai,2026-04-25,SILVER
93,Ishita Kade,M,60,Mumbai,2025-11-07,PLATINUM
94,Harshil Pandya,F,57,Bangalore,2026-01-22,SILVER
95,Mohammed Khalsa,M,29,Jaipur,2026-03-29,GOLD
96,Peter Sachar,M,39,Jaipur,2024-06-15,SILVER
97,Gaurangi Sabharwal,F,28,Mumbai,2026-02-09,REGULAR
98,Amara Dutta,M,48,Hyderabad,2026-01-28,SILVER
99,Lavanya Barad,F,40,Pune,2026-03-24,SILVER
100,Tristan Iyengar,M,19,Ahemdabad,2026-02-20,SILVER
101,Inaya Mody,F,39,Pune,2026-02-23,GOLD
102,Udant Bajwa,F,40,Ahemdabad,2025-10-21,REGULAR
103,Mohini Narasimhan,F,19,Mumbai,2024-12-29,PLATINUM
104,Arya Panchal,M,55,Pune,2025-10-07,GOLD
105,Garima Bala,M,56,Jaipur,2024-08-24,PLATINUM
106,Pranav Lanka,F,45,Kolkata,2024-06-25,GOLD
107,Radha Pai,F,54,Hyderabad,2025-12-13,PLATINUM
108,Rajata Vaidya,M,45,Delhi,2024-08-24,SILVER
109,Ranveer Kumar,F,45,Mumbai,2024-06-30,PLATINUM
110,Aarav Venkatesh,F,60,Mumbai,2026-05-15,PLATINUM
111,Januja Sankar,F,60,Jaipur,2024-07-20,PLATINUM
112,Dipta Dash,F,36,Kanpur,2025-12-07,SILVER
113,Yashica More,M,44,Ahemdabad,2025-10-26,REGULAR
114,Eta Rau,M,57,Kolkata,2025-11-19,PLATINUM
115,Joshua Handa,F,53,Delhi,2025-04-18,PLATINUM
116,Owen Mitra,F,31,Jaipur,2025-04-07,PLATINUM
117,Daksha Mangat,F,46,Chandigarh,2024-11-06,SILVER
118,Ekanta Shroff,F,28,Ahemdabad,2025-05-05,GOLD
119,Tanay Vaidya,F,50,Ahemdabad,2025-05-29,PLATINUM
120,Frado Mander,M,33,Ahemdabad,2025-07-01,PLATINUM
121,Girik Keer,M,30,Bangalore,2025-10-31,GOLD
122,Umang Issac,M,33,Chandigarh,2024-09-18,GOLD
123,Chakradhar Konda,F,44,Ahemdabad,2025-05-31,SILVER
124,Tamanna Sachdeva,F,49,Jaipur,2026-04-15,SILVER
125,Leena Talwar,M,59,Delhi,2025-04-02,GOLD
126,Manbir Ahluwalia,F,32,Bangalore,2026-04-20,REGULAR
127,Pavani Kanda,M,53,Hyderabad,2024-10-10,GOLD
128,Chandresh Krish,F,26,Chandigarh,2026-05-09,PLATINUM
129,Tanmayi Deol,F,57,Kanpur,2026-02-08,REGULAR
130,Edhitha Savant,F,28,Chandigarh,2025-09-14,REGULAR
131,Sanaya Dutt,F,33,Ahemdabad,2025-12-25,PLATINUM
132,Shivani Lad,F,58,Hyderabad,2025-12-31,PLATINUM
133,Aradhana Verma,F,22,Pune,2025-06-07,SILVER
134,Anvi Sarraf,F,39,Chennai,2024-07-26,GOLD
135,Wahab Magar,M,27,Hyderabad,2025-02-11,REGULAR
136,Faris Devi,M,31,Mumbai,2024-09-21,REGULAR
137,Leela Dua,F,39,Kanpur,2025-11-26,REGULAR
138,Devansh Sachdeva,F,21,Hyderabad,2025-04-08,REGULAR
139,Unnati Sagar,F,55,Delhi,2024-07-14,REGULAR
140,Osha Ramachandran,F,18,Chennai,2026-04-29,PLATINUM
141,Lajita Sood,F,44,Kanpur,2024-05-31,SILVER
142,Chanchal Ramakrishnan,F,32,Pune,2026-03-20,REGULAR
143,Thomas Sura,F,19,Jaipur,2024-11-13,PLATINUM
144,Rajata Sunder,F,28,Chandigarh,2024-06-18,SILVER
145,Gayathri Ravel,M,43,Kolkata,2025-12-10,GOLD
146,Unni Datta,M,59,Jaipur,2025-09-22,SILVER
147,Meera Bala,F,29,Delhi,2024-07-31,PLATINUM
148,Krishna Shenoy,F,38,Hyderabad,2024-10-15,REGULAR
149,Abha Raghavan,F,39,Jaipur,2025-02-05,PLATINUM
150,Suhani Narain,F,34,Mumbai,2025-02-13,REGULAR
151,Arunima Sama,M,52,Delhi,2024-12-08,PLATINUM
152,Upma Bahl,M,59,Mumbai,2025-12-29,GOLD
153,Inaya Kapur,M,33,Hyderabad,2025-10-13,GOLD
154,Banjeet Balasubramanian,M,33,Bangalore,2024-12-05,REGULAR
155,Anmol Dua,M,54,Hyderabad,2024-11-28,REGULAR
156,Urvashi Contractor,F,41,Bangalore,2025-08-08,GOLD
157,Udyati Kunda,M,37,Mumbai,2026-01-12,GOLD
158,Oliver Contractor,F,54,Ahemdabad,2026-01-21,REGULAR
159,Deepa Chokshi,F,30,Mumbai,2025-08-19,SILVER
160,Devika Prashad,M,37,Ahemdabad,2025-03-31,GOLD
161,Faqid Kibe,M,40,Kanpur,2024-08-14,REGULAR
162,Jai Barman,F,22,Kanpur,2025-02-20,PLATINUM
163,Kamala Biswas,M,44,Chandigarh,2025-06-23,GOLD
164,Advik Salvi,F,41,Ahemdabad,2026-02-24,REGULAR
165,Hitesh Sant,M,45,Bangalore,2025-03-04,PLATINUM
166,Michael Saran,F,47,Jaipur,2024-10-10,PLATINUM
167,Veda Shroff,F,33,Mumbai,2025-04-30,PLATINUM
168,Ekantika Korpal,F,33,Chandigarh,2026-03-03,REGULAR
169,Arya Seshadri,F,19,Chandigarh,2024-12-02,PLATINUM
170,Ladli Nayar,M,49,Hyderabad,2024-06-18,PLATINUM
171,Ekta Gopal,F,39,Pune,2025-06-09,PLATINUM
172,Isha Kuruvilla,M,51,Hyderabad,2025-02-15,GOLD
173,Anya Anne,M,44,Chandigarh,2025-07-02,SILVER
174,Frederick Khurana,F,59,Chandigarh,2025-12-07,REGULAR
175,Vrinda Khosla,M,23,Pune,2025-11-14,SILVER
176,Vritti Sem,F,33,Pune,2026-02-01,PLATINUM
177,Girik Menon,F,53,Kanpur,2024-11-15,PLATINUM
178,Yagnesh Mohan,F,53,Chennai,2025-10-24,PLATINUM
179,Urvashi Wali,F,35,Pune,2025-02-18,PLATINUM
180,Ganga Pandey,M,25,Hyderabad,2025-11-23,PLATINUM
181,Anika Mohan,M,52,Bangalore,2024-12-08,SILVER
182,Jai Hans,M,48,Pune,2025-01-27,PLATINUM
183,Qasim Handa,M,30,Pune,2024-11-11,SILVER
184,Aradhana Vohra,F,29,Pune,2025-09-02,GOLD
185,Harish Hari,M,35,Delhi,2025-01-12,GOLD
186,Jalsa Gola,F,26,Ahemdabad,2025-01-16,REGULAR
187,Jonathan Mahal,M,18,Kolkata,2024-07-01,PLATINUM
188,Brinda Date,F,48,Chandigarh,2025-10-04,PLATINUM
189,Harshil Arora,M,21,Pune,2025-08-15,REGULAR
190,Upasna Srinivas,M,22,Jaipur,2025-05-04,REGULAR
191,Qarin Behl,M,54,Ahemdabad,2024-12-09,GOLD
192,Ishaan Bhattacharyya,M,27,Kolkata,2025-04-03,PLATINUM
193,Ethan Bera,M,33,Mumbai,2024-09-21,REGULAR
194,Daksha Chada,M,51,Jaipur,2024-12-05,REGULAR
195,Omaja Kara,F,37,Kolkata,2026-01-19,REGULAR
196,Shravya Savant,F,54,Kolkata,2025-01-12,GOLD
197,Dalaja Bhasin,M,31,Ahemdabad,2025-09-12,SILVER
198,Sarthak Kakar,F,60,Mumbai,2024-12-18,SILVER
199,Naksh Khatri,M,29,Kanpur,2024-10-09,GOLD
200,Naksh Agate,M,18,Jaipur,2025-04-09,REGULAR
201,Upma Manne,F,36,Delhi,2024-06-21,SILVER
202,Bhavya Mandal,F,36,Chandigarh,2025-11-24,GOLD
203,Ekavir Kaur,M,34,Ahemdabad,2026-05-14,SILVER
204,Rudra Sandal,F,25,Kanpur,2024-08-24,SILVER
205,Manthan Lata,M,35,Bangalore,2026-02-28,GOLD
206,Ekbal Bhasin,M,28,Pune,2024-10-02,PLATINUM
207,Bhavya Sarna,F,25,Chandigarh,2024-08-31,PLATINUM
208,Daksha Rau,F,35,Kanpur,2024-12-24,REGULAR
209,Raksha Buch,F,23,Kolkata,2025-09-03,GOLD
210,Rachana Naidu,F,38,Kolkata,2025-09-07,PLATINUM
211,Atharv Chand,M,23,Hyderabad,2024-11-20,GOLD
212,Amruta Baria,F,54,Delhi,2026-01-09,SILVER
213,Upma Venkataraman,F,51,Ahemdabad,2025-10-15,REGULAR
214,Arunima Golla,F,29,Kolkata,2025-08-24,REGULAR
215,Vyanjana Chand,F,23,Chandigarh,2025-05-27,PLATINUM
216,Nilima Nath,F,39,Chennai,2025-01-31,GOLD
217,Naveen Narayan,M,39,Jaipur,2025-04-11,REGULAR
218,Bhavya Rattan,F,60,Jaipur,2026-02-17,GOLD
219,Suhani Chakrabarti,F,23,Chennai,2025-01-26,PLATINUM
220,Ekiya D’Alia,F,25,Jaipur,2026-01-17,GOLD
221,Yoshita Agarwal,F,44,Delhi,2025-10-19,SILVER
222,Odika Bhagat,F,57,Chandigarh,2024-10-19,REGULAR
223,Wishi Sathe,M,31,Pune,2026-01-07,SILVER
224,Samar Loke,F,46,Chandigarh,2025-07-27,GOLD
225,Bhavna Sarma,M,58,Kolkata,2026-04-11,SILVER
226,Jairaj Balakrishnan,M,37,Kanpur,2025-09-28,GOLD
227,Nathan Mukhopadhyay,F,23,Hyderabad,2025-07-28,GOLD
228,Nikita Chander,F,25,Ahemdabad,2024-11-17,SILVER
229,Triya Dalal,F,36,Kanpur,2025-10-12,PLATINUM
230,Wishi Manne,F,48,Chandigarh,2025-06-26,SILVER
231,Ojasvi Subramanian,F,53,Bangalore,2025-05-28,REGULAR
232,Tanmayi Dhillon,M,56,Kanpur,2025-03-20,SILVER
233,Yashoda Deshpande,M,35,Jaipur,2026-03-29,PLATINUM
234,Anya Sachdeva,F,18,Pune,2025-02-14,PLATINUM
235,Aarnav Mandal,F,27,Chandigarh,2025-12-11,REGULAR
236,Vrishti Dixit,F,39,Kanpur,2025-05-08,REGULAR
237,Hemani Natarajan,F,38,Hyderabad,2025-07-29,SILVER
238,Tamanna Nagy,F,32,Jaipur,2026-04-02,GOLD
239,William Rajagopal,F,48,Jaipur,2024-11-24,REGULAR
240,Caleb Nadkarni,M,49,Delhi,2025-12-26,SILVER
241,Lakshmi Raju,F,24,Chandigarh,2025-10-24,GOLD
242,Warhi Bansal,F,18,Bangalore,2024-09-02,REGULAR
243,Harish Sarraf,M,22,Chandigarh,2024-08-12,PLATINUM
244,Alexander Dhawan,F,57,Jaipur,2025-04-10,GOLD
245,Falan Singh,F,52,Jaipur,2026-01-24,PLATINUM
246,Hamsini Rao,F,52,Delhi,2025-10-13,GOLD
247,Falguni Walla,M,58,Ahemdabad,2025-03-18,PLATINUM
248,Vinaya Banik,M,23,Jaipur,2025-09-18,GOLD
249,Wahab Mani,M,46,Bangalore,2024-11-19,PLATINUM
250,Radha Chaudhari,M,20,Chennai,2026-01-07,GOLD
251,Sachi Ganesan,F,40,Chennai,2025-11-17,REGULAR
252,Ayush Batra,M,33,Kanpur,2025-02-02,REGULAR
253,Chaaya Parmer,M,28,Bangalore,2025-03-14,GOLD
254,Madhav Konda,F,57,Ahemdabad,2025-07-13,SILVER
255,Pranit Garde,F,55,Bangalore,2024-10-09,SILVER
256,Lavanya Khosla,F,58,Pune,2025-06-17,REGULAR
257,Vincent Shenoy,F,60,Delhi,2025-10-04,REGULAR
258,Tripti Kumer,F,52,Bangalore,2025-10-26,GOLD
259,Udyati Mani,F,40,Kolkata,2025-11-04,PLATINUM
260,Ethan Sathe,F,34,Chandigarh,2025-02-19,PLATINUM
261,Panini Krishna,M,42,Chandigarh,2025-05-16,GOLD
262,Rushil Rajagopalan,M,42,Kolkata,2026-03-20,PLATINUM
263,Hredhaan Khalsa,F,36,Delhi,2025-03-19,REGULAR
264,Chakrika Merchant,F,18,Kolkata,2024-06-13,GOLD
265,Anvi Anand,F,36,Hyderabad,2025-08-09,PLATINUM
266,Watika Mangat,M,58,Hyderabad,2026-01-19,PLATINUM
267,Indira Kanda,M,58,Mumbai,2025-10-03,GOLD
268,Zashil Devan,F,46,Delhi,2025-09-26,PLATINUM
269,Balveer More,M,23,Pune,2026-01-29,PLATINUM
270,Bahadurjit Patla,F,29,Hyderabad,2025-12-16,SILVER
271,Gautam Merchant,F,51,Kanpur,2025-02-04,PLATINUM
272,Parth Iyer,M,34,Chandigarh,2024-09-06,PLATINUM
273,Yachana Mahajan,F,25,Chandigarh,2026-03-03,GOLD
274,Aarini Subramaniam,M,32,Ahemdabad,2026-02-12,REGULAR
275,Hamsini Contractor,F,23,Jaipur,2025-05-25,GOLD
276,Lohit Kara,F,52,Mumbai,2026-03-26,REGULAR
277,Jasmit Chana,F,34,Kolkata,2026-01-31,REGULAR
278,Akshay Lalla,F,24,Ahemdabad,2025-07-17,SILVER
279,Suhani Pillay,F,19,Kolkata,2025-10-31,PLATINUM
280,Lakshmi Prabhu,M,59,Mumbai,2024-08-19,REGULAR
281,Urishilla Bakshi,F,59,Jaipur,2025-09-20,GOLD
282,Timothy Bhatnagar,M,20,Delhi,2025-10-02,PLATINUM
283,Chasmum Rege,F,25,Mumbai,2024-08-25,SILVER
284,Chakradev Barad,M,42,Chandigarh,2025-01-18,PLATINUM
285,Jack Chatterjee,F,55,Bangalore,2024-11-25,REGULAR
286,Lipika Setty,M,49,Kolkata,2025-03-11,REGULAR
287,Mohammed Sachdeva,F,20,Chennai,2025-10-17,SILVER
288,Vrishti Reddy,F,46,Hyderabad,2026-05-26,PLATINUM
289,Bachittar Prabhakar,M,41,Kanpur,2024-11-11,PLATINUM
290,Sai Keer,M,43,Pune,2026-03-22,SILVER
291,Hardik Pillai,M,47,Mumbai,2025-07-23,SILVER
292,Darsh Rao,M,21,Chennai,2024-12-27,SILVER
293,Jason Sha,M,54,Hyderabad,2024-08-06,GOLD
294,Ansh Bedi,M,55,Hyderabad,2026-01-28,SILVER
295,Yagnesh Dass,F,27,Kolkata,2026-01-28,GOLD
296,Ekapad Johal,F,27,Bangalore,2025-08-25,PLATINUM
297,Viraj Narasimhan,M,25,Ahemdabad,2026-01-18,GOLD
298,Aarnav Malhotra,M,18,Chennai,2026-03-24,SILVER
299,Kalpit Zachariah,F,19,Bangalore,2024-12-07,PLATINUM
300,Imaran Bal,M,26,Jaipur,2024-09-06,GOLD
301,Ishita Khanna,M,48,Chandigarh,2025-08-27,PLATINUM
302,Amol Ghosh,M,46,Kanpur,2024-12-19,SILVER
303,Jonathan Sama,M,60,Kanpur,2025-07-09,PLATINUM
304,Devansh Soni,F,59,Delhi,2025-05-10,GOLD
305,Yochana Chopra,F,43,Jaipur,2025-05-13,GOLD
306,Caleb Verma,F,46,Mumbai,2025-01-16,GOLD
307,Azaan Bhat,F,56,Bangalore,2025-06-03,GOLD
308,Pooja Chokshi,M,35,Kolkata,2025-06-11,PLATINUM
309,Ethan Buch,F,56,Kanpur,2025-02-01,PLATINUM
310,Dominic Date,F,50,Kolkata,2024-12-26,REGULAR
311,Lakshmi Wali,M,25,Ahemdabad,2025-01-11,SILVER
312,Yashasvi Sani,F,46,Hyderabad,2024-08-12,REGULAR
313,Tanveer Sani,F,47,Jaipur,2025-05-12,REGULAR
314,Odika Nori,M,38,Jaipur,2026-02-28,PLATINUM
315,Mohini Sagar,F,41,Bangalore,2025-12-14,REGULAR
316,Dhriti Sane,M,23,Mumbai,2025-01-24,GOLD
317,Kavya Dua,F,24,Chennai,2025-11-11,SILVER
318,Ekalinga Chand,M,55,Kanpur,2026-03-04,PLATINUM
319,Girik Sankaran,M,44,Chennai,2024-08-10,REGULAR
320,Kalpit Bhasin,M,36,Kolkata,2025-08-25,PLATINUM
321,Jason Roy,F,24,Kolkata,2025-02-25,SILVER
322,Charan Mani,M,60,Chandigarh,2025-09-05,SILVER
323,Indira Chawla,M,40,Kanpur,2025-08-18,PLATINUM
324,Mohammed Subramaniam,M,35,Kolkata,2024-11-17,SILVER
325,Inaya Pillai,F,53,Kolkata,2024-08-24,GOLD
326,Upkaar Sanghvi,F,19,Bangalore,2026-03-14,PLATINUM
327,Amara Balakrishnan,F,39,Chennai,2024-10-14,GOLD
328,Dayamai Nori,M,27,Kolkata,2025-02-23,REGULAR
329,Pratyush Dhar,M,27,Ahemdabad,2025-08-09,GOLD
330,Ekaraj Dhar,M,51,Hyderabad,2025-12-23,REGULAR
331,Gavin Wali,F,47,Chennai,2024-11-10,SILVER
332,Oni Setty,F,37,Chennai,2025-02-15,GOLD
333,Kala Muni,M,27,Bangalore,2025-12-08,GOLD
334,Frado Ben,M,35,Chandigarh,2024-09-24,REGULAR
335,Chandran Bumb,F,56,Chandigarh,2024-12-24,REGULAR
336,Panini Sunder,F,31,Kanpur,2025-09-10,GOLD
337,Oeshi Mahajan,F,45,Mumbai,2024-11-10,PLATINUM
338,Hemani Sani,F,51,Ahemdabad,2024-08-21,PLATINUM
339,Vidhi Vyas,M,32,Jaipur,2025-10-27,GOLD
340,Chakradev Kannan,M,31,Pune,2025-03-30,SILVER
341,Abhimanyu Jayaraman,M,34,Pune,2025-01-16,PLATINUM
342,Laksh Kumer,M,18,Chandigarh,2025-01-06,REGULAR
343,Jagdish Amble,M,26,Jaipur,2025-06-17,SILVER
344,Parth Dayal,F,22,Jaipur,2025-03-18,GOLD
345,Xiti Pandya,F,19,Chandigarh,2024-07-21,GOLD
346,Brijesh Sarin,F,54,Jaipur,2024-06-10,REGULAR
347,Faras Munshi,F,36,Mumbai,2025-08-17,REGULAR
348,Nidhi Sahni,M,38,Bangalore,2025-01-06,REGULAR
349,Nidhi Bail,F,23,Jaipur,2025-02-03,GOLD
350,Triveni Pathak,M,45,Kolkata,2024-08-03,REGULAR
351,Hitesh Kohli,M,43,Pune,2025-04-30,PLATINUM
352,Farhan Randhawa,M,39,Bangalore,2026-04-03,GOLD
353,Harinakshi Kant,M,51,Kanpur,2025-02-09,SILVER
354,Faraj Uppal,F,40,Ahemdabad,2025-09-30,SILVER
355,Yashvi Hari,M,24,Bangalore,2026-04-30,PLATINUM
356,Indali Divan,M,29,Kolkata,2024-11-26,SILVER
357,Madhav Kunda,M,29,Ahemdabad,2024-10-27,REGULAR
358,Michael Borra,F,54,Kolkata,2024-10-11,REGULAR
359,Ucchal Sen,F,58,Chennai,2025-11-07,SILVER
360,Diya Dora,F,22,Chandigarh,2025-05-03,REGULAR
361,Upasna Sathe,F,35,Kolkata,2025-09-29,GOLD
362,Anvi Bhalla,F,50,Mumbai,2025-02-24,PLATINUM
363,Dayita Shenoy,F,46,Delhi,2025-05-13,GOLD
364,Dakshesh Pillay,F,36,Mumbai,2026-03-03,GOLD
365,Faraj Chana,F,47,Kolkata,2025-09-16,GOLD
366,Turvi Barman,F,54,Ahemdabad,2025-05-11,SILVER
367,Ekanta Soni,F,56,Chandigarh,2025-06-20,SILVER
368,David Seshadri,M,46,Mumbai,2024-08-15,PLATINUM
369,Frado Thaman,M,50,Ahemdabad,2025-10-10,SILVER
370,Balveer Kota,M,33,Chandigarh,2025-11-27,REGULAR
371,Reva Viswanathan,M,41,Chennai,2025-07-07,PLATINUM
372,Januja Pradhan,F,44,Chennai,2026-05-09,GOLD
373,Lila Rege,F,22,Chennai,2026-01-18,GOLD
374,Charles Natt,F,36,Pune,2024-07-17,SILVER
375,Girindra Raju,F,23,Kolkata,2025-01-02,SILVER
376,Mason Nath,F,37,Ahemdabad,2024-07-29,REGULAR
377,Inaya Mukherjee,M,56,Mumbai,2025-10-18,PLATINUM
378,Kai Chad,F,59,Chennai,2025-01-22,SILVER
379,Falguni Datta,M,59,Ahemdabad,2025-10-29,REGULAR
380,Pallavi Trivedi,F,19,Chennai,2025-03-04,PLATINUM
381,Janani More,M,31,Chennai,2024-10-14,REGULAR
382,Harita Sunder,M,32,Bangalore,2024-10-23,SILVER
383,Laksh Dubey,M,36,Mumbai,2024-07-25,GOLD
384,Harrison Tripathi,F,57,Bangalore,2026-01-15,REGULAR
385,Gayathri Deep,M,28,Bangalore,2025-09-02,SILVER
386,Mitesh Gaba,F,20,Jaipur,2024-10-14,PLATINUM
387,Raksha Bassi,M,46,Kolkata,2025-04-11,PLATINUM
388,Wazir Sawhney,F,32,Kanpur,2025-09-13,SILVER
389,Saumya Kaur,F,48,Hyderabad,2025-07-15,PLATINUM
390,Dayamai Singh,F,47,Pune,2026-04-29,REGULAR
391,Jhalak Sastry,F,28,Hyderabad,2025-05-20,SILVER
392,Lavanya Thakkar,F,21,Ahemdabad,2025-07-10,REGULAR
393,Neel Iyengar,F,53,Mumbai,2026-02-08,GOLD
394,Zashil Ben,F,23,Bangalore,2025-10-07,PLATINUM
395,Kamya Chauhan,F,50,Bangalore,2025-11-30,REGULAR
396,Bhavani Chacko,M,32,Chandigarh,2026-01-09,PLATINUM
397,Anjali Sengupta,M,44,Delhi,2026-04-30,REGULAR
398,Rajeshri Chand,F,33,Jaipur,2026-05-04,GOLD
399,Shravya Palla,F,32,Delhi,2026-05-19,PLATINUM
400,Oeshi Bera,M,59,Chennai,2025-03-30,SILVER
401,Warinder Raju,M,20,Pune,2024-07-29,REGULAR
402,Udarsh Bala,M,48,Chandigarh,2025-01-29,GOLD
403,Gautami Dhingra,M,19,Pune,2024-09-10,SILVER
404,Bhavini Sodhi,M,53,Kolkata,2025-11-18,REGULAR
405,Upasna Sen,M,36,Hyderabad,2025-09-16,PLATINUM
406,Fariq Bahl,M,21,Hyderabad,2024-12-11,REGULAR
407,Mason Wable,F,22,Mumbai,2025-04-20,REGULAR
408,Bhavya Khanna,M,58,Kanpur,2025-01-15,SILVER
409,Champak Khare,M,36,Jaipur,2025-04-18,GOLD
410,Dev Choudhry,F,33,Kolkata,2026-03-07,REGULAR
411,Amol Varma,M,60,Ahemdabad,2025-08-16,GOLD
412,Maanas Manne,F,22,Kanpur,2025-04-25,GOLD
413,Ira Khosla,F,48,Delhi,2025-08-13,REGULAR
414,Rachit Chada,F,34,Delhi,2025-07-07,PLATINUM
415,Ekansh Vora,M,40,Hyderabad,2025-07-23,GOLD
416,Madhavi Singhal,F,26,Delhi,2024-06-29,PLATINUM
417,Kashvi Kulkarni,F,59,Bangalore,2025-12-28,REGULAR
418,Ishanvi Bir,F,58,Bangalore,2025-02-18,SILVER
419,Hemang Natarajan,M,47,Delhi,2024-09-07,PLATINUM
420,Indira Nigam,M,20,Hyderabad,2026-02-17,GOLD
421,Ucchal Srinivas,F,37,Kanpur,2025-09-29,REGULAR
422,Krishna Bhatnagar,F,34,Delhi,2025-12-04,SILVER
423,Balhaar Memon,F,40,Delhi,2024-10-30,PLATINUM
424,Ryan Barman,F,25,Chennai,2025-01-27,REGULAR
425,Yutika Rao,F,46,Jaipur,2026-02-19,PLATINUM
426,Zehaan Bansal,M,49,Chandigarh,2026-01-02,PLATINUM
427,Bhavika Parikh,F,23,Jaipur,2026-03-27,GOLD
428,Garima Mahajan,F,56,Bangalore,2024-08-31,PLATINUM
429,Rajeshri Ratta,F,24,Mumbai,2025-12-25,PLATINUM
430,Libni Nori,F,37,Chandigarh,2024-10-19,REGULAR
431,Widisha Pillai,M,46,Chennai,2026-05-14,REGULAR
432,Fitan Samra,M,40,Kolkata,2024-07-27,REGULAR
433,Pranit Memon,F,58,Delhi,2025-01-31,GOLD
434,Fariq Narang,F,41,Kanpur,2025-10-22,SILVER
435,Damini Sehgal,M,27,Kolkata,2025-09-07,REGULAR
436,Ojas Sawhney,M,26,Mumbai,2025-02-24,SILVER
437,Brijesh Pandit,F,41,Jaipur,2025-09-16,GOLD
438,Anvi Bhandari,M,46,Chennai,2024-07-24,PLATINUM
439,Januja Varghese,F,22,Kolkata,2026-02-08,SILVER
440,Azaan Dhar,F,43,Chennai,2026-03-17,PLATINUM
441,Bakhshi Date,M,25,Delhi,2024-07-18,SILVER
442,Jeevika Pathak,F,51,Jaipur,2025-03-20,GOLD
443,Mitesh Sengupta,F,34,Chandigarh,2025-03-11,SILVER
444,Sachi Bose,F,49,Hyderabad,2025-08-15,GOLD
445,Jeevika Rao,M,22,Chandigarh,2025-01-26,SILVER
446,Zaid Comar,F,23,Ahemdabad,2024-06-16,PLATINUM
447,Xalak Vasa,F,22,Kanpur,2025-03-23,PLATINUM
448,Adweta Lad,F,28,Ahemdabad,2025-11-24,SILVER
449,Tanish Mangal,F,50,Hyderabad,2025-11-17,GOLD
450,Ryan Das,M,26,Hyderabad,2024-09-09,REGULAR
451,Siya Gera,M,41,Kanpur,2026-04-25,PLATINUM
452,Gagan Nagarajan,F,53,Bangalore,2025-10-27,GOLD
453,Dhruv Mannan,M,37,Jaipur,2026-04-19,REGULAR
454,Nakul Ghosh,F,44,Kolkata,2026-02-02,GOLD
455,Yashoda Kapur,M,38,Ahemdabad,2024-08-29,GOLD
456,Liam Khalsa,F,47,Ahemdabad,2026-01-30,PLATINUM
457,Atharv Patel,M,53,Ahemdabad,2025-07-31,SILVER
458,Unni Dayal,M,45,Kanpur,2025-09-14,GOLD
459,Dominic More,M,51,Bangalore,2025-04-01,PLATINUM
460,Nirja Rout,M,28,Chennai,2026-02-25,SILVER
461,Jeremiah Nadig,F,51,Pune,2025-10-07,GOLD
462,Shivani Shukla,F,30,Ahemdabad,2025-11-06,PLATINUM
463,Kabir Gopal,M,58,Pune,2026-01-13,GOLD
464,Rachita Thakkar,M,55,Kolkata,2026-05-04,SILVER
465,Jeet Vasa,M,60,Kolkata,2024-09-22,PLATINUM
466,Nitesh Edwin,M,19,Mumbai,2025-02-01,GOLD
467,Hiral Venkataraman,F,59,Hyderabad,2026-04-22,REGULAR
468,Farhan Krishna,M,49,Ahemdabad,2024-10-26,PLATINUM
469,Jeremiah Mitter,F,48,Hyderabad,2025-09-16,REGULAR
470,Yadavi Ganguly,F,47,Mumbai,2025-08-29,GOLD
471,Onveer Nazareth,M,46,Jaipur,2026-03-12,REGULAR
472,Ayush Bumb,F,31,Chennai,2024-07-01,SILVER
473,Shivansh Saha,F,38,Chennai,2025-09-19,REGULAR
474,Widisha Mann,M,41,Kanpur,2025-10-07,GOLD
475,Vasudha Konda,F,33,Chandigarh,2026-02-11,GOLD
476,Chameli Setty,F,46,Hyderabad,2024-07-22,SILVER
477,Nakul Sarraf,M,21,Pune,2025-04-14,REGULAR
478,Ucchal Jani,F,33,Bangalore,2025-02-15,PLATINUM
479,Dhriti Nagar,F,30,Bangalore,2025-12-18,REGULAR
480,Mohini De,F,49,Pune,2026-01-07,REGULAR
481,Yutika Cherian,M,23,Jaipur,2025-01-29,REGULAR
482,Unnati Das,M,31,Kolkata,2024-12-20,PLATINUM
483,Yug Dhaliwal,M,21,Pune,2024-08-10,REGULAR
484,Bina Rajagopalan,F,36,Kanpur,2026-03-29,GOLD
485,Yuvraj Dutta,M,45,Bangalore,2026-02-17,PLATINUM
486,Dhriti Gupta,F,43,Chennai,2026-01-09,GOLD
487,Wishi Varma,F,21,Kolkata,2025-05-24,SILVER
488,Darika Tank,F,53,Pune,2024-06-14,GOLD
489,Maya Tiwari,F,50,Chandigarh,2025-05-17,PLATINUM
490,Tanveer Pandit,M,26,Mumbai,2024-07-03,REGULAR
491,Baghyawati Talwar,F,39,Kanpur,2025-09-03,PLATINUM
492,Bhavika Yadav,M,30,Kolkata,2024-06-02,REGULAR
493,Raagini Desai,M,20,Delhi,2026-04-12,SILVER
494,Jasmit Rau,F,48,Kanpur,2025-03-07,REGULAR
495,Nandini Behl,M,56,Kanpur,2025-08-12,SILVER
496,Janani Mani,F,57,Chennai,2024-07-23,SILVER
497,Yamini Seshadri,F,57,Pune,2026-01-10,PLATINUM
498,Jagat Dave,F,54,Pune,2024-08-10,REGULAR
499,Kashvi Nori,M,41,Chennai,2025-08-03,GOLD
500,Maanas Issac,F,55,Pune,2025-09-06,GOLD
501,Xiti Baria,F,34,Ahemdabad,2024-07-01,SILVER
502,Laksh Nath,M,55,Chandigarh,2026-02-10,SILVER
503,Zilmil Shan,F,27,Ahemdabad,2024-09-19,SILVER
504,Falak Nagar,M,54,Mumbai,2024-09-30,SILVER
505,Chandani Nayar,M,46,Chennai,2025-06-25,REGULAR
506,Chandani Soman,M,44,Hyderabad,2026-02-19,REGULAR
507,Jyoti Narula,F,21,Bangalore,2025-11-01,SILVER
508,Omaja Morar,F,60,Chandigarh,2026-02-04,REGULAR
509,Urvi Lanka,F,29,Chandigarh,2025-10-18,PLATINUM
510,Charan Srinivasan,F,59,Pune,2024-10-06,REGULAR
511,Manbir Kibe,M,33,Pune,2024-06-20,PLATINUM
512,Rayaan Bahl,M,37,Pune,2025-05-04,SILVER
513,Omya Doshi,F,38,Chandigarh,2025-04-12,PLATINUM
514,Nirja Thaker,F,36,Mumbai,2026-01-18,REGULAR
515,David Devi,F,40,Bangalore,2025-07-03,PLATINUM
516,Ekta Sridhar,M,36,Mumbai,2025-07-09,PLATINUM
517,Dipta Ghose,F,59,Pune,2025-05-19,REGULAR
518,Irya Lalla,M,30,Kanpur,2025-09-12,PLATINUM
519,Rehaan Koshy,F,26,Mumbai,2024-12-29,SILVER
520,Umang Mishra,M,21,Ahemdabad,2026-01-15,SILVER
521,Sarthak Suresh,M,21,Mumbai,2025-01-28,REGULAR
522,Ikshita Mahal,F,48,Mumbai,2025-01-05,SILVER
523,Ladli Rana,M,53,Bangalore,2026-02-21,REGULAR
524,Madhav Mannan,F,48,Ahemdabad,2024-06-28,SILVER
525,Farhan Pal,F,38,Pune,2026-05-14,GOLD
526,Aahana Srinivas,M,59,Kolkata,2024-11-09,SILVER
527,Anika Magar,M,29,Jaipur,2024-09-10,SILVER
528,Wriddhish Kibe,M,43,Chandigarh,2024-07-05,SILVER
529,Viraj Ben,F,20,Delhi,2024-08-12,PLATINUM
530,Ganga Sodhi,M,39,Pune,2024-08-13,REGULAR
531,Abdul Dugar,F,26,Kanpur,2025-04-08,REGULAR
532,Vansha Iyengar,F,30,Mumbai,2026-01-04,PLATINUM
533,Ekani Mangal,M,47,Ahemdabad,2025-10-10,PLATINUM
534,Gaurav Kata,M,18,Chennai,2025-07-16,PLATINUM
535,Parth Sahni,M,29,Kolkata,2026-04-12,REGULAR
536,Balhaar Ranganathan,F,50,Chennai,2026-01-29,GOLD
537,Quincy Mann,F,60,Mumbai,2026-04-07,SILVER
538,Aditya Misra,M,48,Chennai,2025-08-11,SILVER
539,Gautami Mane,M,34,Jaipur,2025-05-14,SILVER
540,Krish Thaman,F,35,Chennai,2025-05-25,PLATINUM
541,Reyansh Chowdhury,M,34,Ahemdabad,2025-02-07,PLATINUM
542,Tara Kurian,M,21,Ahemdabad,2025-12-06,GOLD
543,Akshay Nazareth,F,37,Bangalore,2026-01-31,REGULAR
544,Reyansh Gill,F,25,Ahemdabad,2025-09-13,PLATINUM
545,Prisha Varma,F,57,Hyderabad,2025-02-05,SILVER
546,Nandini Chandran,M,48,Bangalore,2024-10-17,REGULAR
547,Vansha Naik,F,44,Kanpur,2026-05-23,REGULAR
548,Abeer Lal,M,33,Ahemdabad,2025-03-20,GOLD
549,Sanya Loke,F,51,Chennai,2025-02-07,GOLD
550,Advay Lal,M,21,Kanpur,2025-10-16,SILVER
551,Warinder Bhatia,M,28,Chennai,2025-10-27,REGULAR
552,Udyati Mohanty,M,31,Kolkata,2024-09-28,REGULAR
553,Yadavi Mukhopadhyay,M,50,Chandigarh,2025-11-14,GOLD
554,Chakrika Pillai,F,26,Kanpur,2025-09-16,REGULAR
555,Theodore Deol,F,54,Delhi,2025-06-02,REGULAR
556,Suhani Prakash,F,19,Jaipur,2025-04-14,PLATINUM
557,Tejas Kota,M,31,Kolkata,2025-11-06,GOLD
558,Sanya Wable,M,45,Chennai,2025-11-24,GOLD
559,Faras Choudhury,M,22,Chandigarh,2024-07-13,GOLD
560,Mason Gala,F,44,Bangalore,2025-02-05,SILVER
561,Jackson Jha,F,41,Jaipur,2025-12-04,REGULAR
562,Gavin Uppal,F,42,Mumbai,2025-05-08,SILVER
563,Sudiksha Deo,F,25,Bangalore,2025-06-29,REGULAR
564,Tanmayi Bhardwaj,M,32,Delhi,2025-08-04,GOLD
565,Darika Bains,F,47,Ahemdabad,2025-03-30,REGULAR
566,Aarush Kamdar,F,32,Hyderabad,2025-08-19,REGULAR
567,Chakradev Sampath,F,27,Pune,2025-02-18,SILVER
568,Darpan Biswas,M,20,Ahemdabad,2026-05-22,REGULAR
569,Azad Mangat,M,33,Hyderabad,2025-04-09,GOLD
570,Krishna Salvi,M,56,Delhi,2025-03-13,REGULAR
571,Saumya Purohit,M,33,Delhi,2025-03-14,REGULAR
572,Kiaan Pall,F,32,Kanpur,2024-08-27,SILVER
573,Maya Wadhwa,M,26,Kanpur,2024-09-02,PLATINUM
574,Aarush Bajaj,M,54,Chennai,2025-01-13,PLATINUM
575,Panini Wali,M,37,Bangalore,2025-03-17,SILVER
576,Yug Sharma,F,37,Pune,2025-02-19,GOLD
577,Anya Gulati,M,58,Ahemdabad,2026-05-25,REGULAR
578,Azad Saini,F,21,Chennai,2025-09-16,REGULAR
579,Wridesh Jhaveri,F,44,Jaipur,2024-07-18,SILVER
580,Bahadurjit Sekhon,F,42,Bangalore,2025-09-03,REGULAR
581,Yash Basu,M,32,Pune,2025-04-04,SILVER
582,Vivaan Zacharia,F,21,Kanpur,2024-11-11,REGULAR
583,Logan Thakur,F,53,Kanpur,2025-01-06,SILVER
584,Eiravati Nagi,F,33,Pune,2024-11-27,SILVER
585,Luke Verma,F,59,Mumbai,2024-11-14,REGULAR
586,Charita Maharaj,F,23,Kanpur,2024-07-13,SILVER
587,Prisha Tandon,M,35,Jaipur,2024-07-02,GOLD
588,Lakshmi Vohra,M,30,Kolkata,2025-01-29,SILVER
589,Nilima Dixit,F,31,Chennai,2025-01-14,PLATINUM
590,Qarin Yogi,M,31,Hyderabad,2025-05-29,GOLD
591,Umang Mital,F,33,Kolkata,2026-03-24,SILVER
592,Ubika Bhardwaj,F,33,Kanpur,2025-08-06,PLATINUM
593,Omaja Wagle,F,42,Chandigarh,2024-09-08,PLATINUM
594,Xavier Kumer,F,34,Chennai,2024-10-31,REGULAR
595,Farhan Sengupta,F,24,Chandigarh,2026-03-15,PLATINUM
596,George Wason,M,41,Chennai,2025-12-10,REGULAR
597,Charan Loyal,M,54,Hyderabad,2025-03-15,SILVER
598,Elijah Guha,M,34,Kanpur,2026-02-10,REGULAR
599,Varenya Joshi,F,27,Hyderabad,2026-04-02,PLATINUM
600,Chavvi Aurora,M,42,Kolkata,2024-11-07,SILVER
601,Jacob Srinivas,F,53,Ahemdabad,2026-05-07,PLATINUM
602,Samarth Ranganathan,F,49,Ahemdabad,2026-05-07,REGULAR
603,Ekanta Mandal,F,28,Chennai,2025-03-18,SILVER
604,Jagrati Morar,M,52,Chandigarh,2024-12-16,SILVER
605,Yochana Tank,M,51,Delhi,2025-05-23,GOLD
606,Upasna Nagarajan,M,18,Jaipur,2026-05-07,SILVER
607,Kamala Munshi,M,22,Bangalore,2025-04-13,GOLD
608,Timothy Dhingra,M,50,Chandigarh,2024-06-08,PLATINUM
609,Omisha Merchant,M,57,Ahemdabad,2024-09-22,REGULAR
610,Forum Karpe,F,19,Delhi,2025-03-18,REGULAR
611,Xalak Nazareth,M,19,Kanpur,2024-12-12,PLATINUM
612,Vritti Sharma,F,19,Kanpur,2024-10-04,REGULAR
613,Omkaar Dey,M,24,Mumbai,2025-12-07,SILVER
614,Qarin Bhargava,M,30,Kolkata,2025-07-07,PLATINUM
615,Falan Bava,F,35,Jaipur,2026-01-10,GOLD
616,Nitara Devan,F,43,Chandigarh,2026-03-12,SILVER
617,Ekansh Dora,M,37,Ahemdabad,2024-06-03,GOLD
618,Yashasvi Shah,M,23,Jaipur,2025-03-12,REGULAR
619,Vasudha Sura,F,53,Chandigarh,2024-06-08,GOLD
620,Nisha Arora,M,28,Mumbai,2024-06-08,REGULAR
621,Bhavini Badal,F,59,Chennai,2025-06-21,GOLD
622,Praneel Chhabra,M,32,Hyderabad,2026-05-10,REGULAR
623,Manthan Khosla,F,20,Mumbai,2024-10-23,PLATINUM
624,Irya Loke,M,29,Chennai,2026-02-03,GOLD
625,Farhan Prakash,M,55,Bangalore,2025-04-07,REGULAR
626,Yagnesh Kara,M,37,Bangalore,2025-01-14,SILVER
627,Azad Chander,F,52,Chennai,2025-04-06,REGULAR
628,Krishna Soni,M,23,Kanpur,2024-07-09,PLATINUM
629,Onveer Butala,M,24,Jaipur,2025-06-19,SILVER
630,Garima Chandran,M,39,Kolkata,2026-04-22,REGULAR
631,Victor Kakar,F,19,Ahemdabad,2026-04-27,PLATINUM
632,Anika Batra,F,49,Hyderabad,2026-05-14,PLATINUM
633,Avni Bali,F,45,Bangalore,2024-10-13,REGULAR
634,Amol Johal,M,57,Pune,2025-08-25,SILVER
635,Mitali Bose,M,23,Pune,2025-01-14,SILVER
636,Wridesh Ramachandran,F,58,Bangalore,2025-11-03,REGULAR
637,Leena Dey,F,41,Mumbai,2026-01-30,GOLD
638,Xiti Pal,M,37,Chandigarh,2024-07-07,PLATINUM
639,Rajeshri Kata,F,24,Bangalore,2026-03-09,GOLD
640,Harini Ranganathan,M,45,Chandigarh,2026-01-17,REGULAR
641,Ayushman Mahajan,M,19,Mumbai,2026-01-25,PLATINUM
642,Vritti Kari,M,56,Kolkata,2025-02-27,PLATINUM
643,Rachana Grewal,F,18,Pune,2025-11-05,REGULAR
644,Frederick Merchant,F,23,Kanpur,2026-02-05,SILVER
645,Ethan Butala,M,42,Bangalore,2024-12-21,SILVER
646,Lajita Dube,F,37,Pune,2025-12-22,REGULAR
647,Edhitha Patel,M,22,Bangalore,2024-08-17,REGULAR
648,Abdul Morar,F,44,Pune,2025-05-07,REGULAR
649,Anamika Chaudry,M,41,Pune,2024-09-06,SILVER
650,Rachit Sankar,F,56,Kolkata,2025-05-10,SILVER
651,Harshil Bal,F,24,Bangalore,2024-08-04,PLATINUM
652,Girik Nair,M,43,Chennai,2026-03-28,REGULAR
653,Advik Manne,F,46,Chennai,2025-04-13,REGULAR
654,Frado Kibe,M,37,Chennai,2025-08-14,SILVER
655,Lajita Gara,F,38,Bangalore,2024-09-11,REGULAR
656,Charvi Loyal,F,36,Ahemdabad,2025-06-14,REGULAR
657,Dev Ganesh,M,38,Jaipur,2025-04-29,PLATINUM
658,Oviya Mistry,F,41,Mumbai,2025-06-07,SILVER
659,Jalsa Krishnamurthy,M,53,Delhi,2024-12-04,REGULAR
660,Rohan Shankar,M,46,Pune,2024-08-18,GOLD
661,Daksha Ahuja,F,49,Bangalore,2025-03-30,PLATINUM
662,Lajita Narayan,M,34,Ahemdabad,2025-05-03,SILVER
663,Qushi Deshpande,F,42,Mumbai,2025-01-15,REGULAR
664,Sai Srinivas,F,55,Jaipur,2025-01-26,REGULAR
665,Mitali Nagar,M,41,Kanpur,2025-01-08,GOLD
666,Xavier Nanda,M,33,Ahemdabad,2025-03-15,PLATINUM
667,Maya Patla,M,59,Kolkata,2024-08-23,GOLD
668,Pranit Bala,F,39,Jaipur,2025-12-12,GOLD
669,Shaurya Sarma,M,24,Pune,2026-02-05,SILVER
670,Ekapad Rege,M,46,Chennai,2025-10-31,REGULAR
671,Liam Mitter,F,55,Kanpur,2024-11-30,SILVER
672,Mitesh Sampath,F,19,Chandigarh,2026-01-29,GOLD
673,Ethan Sen,F,44,Mumbai,2025-09-03,GOLD
674,Nandini Warrior,M,40,Pune,2025-06-24,PLATINUM
675,Balhaar Parsa,F,31,Kanpur,2025-11-22,REGULAR
676,Ikbal Kothari,F,48,Mumbai,2025-10-19,REGULAR
677,Ojas Basu,F,38,Mumbai,2025-08-07,PLATINUM
678,Garima Sani,M,25,Delhi,2024-08-17,PLATINUM
679,Guneet Kuruvilla,M,28,Hyderabad,2024-11-15,SILVER
680,Sanaya Prasad,M,39,Kanpur,2025-03-26,REGULAR
681,Xiti Dora,F,32,Jaipur,2025-02-18,SILVER
682,Vasudha Cheema,M,58,Ahemdabad,2025-01-11,REGULAR
683,Frederick D’Alia,F,19,Kolkata,2026-03-03,SILVER
684,Ijaya Muni,F,55,Jaipur,2025-02-17,REGULAR
685,Samuel Verma,M,31,Hyderabad,2025-06-06,PLATINUM
686,Vamakshi Chatterjee,M,54,Mumbai,2025-05-02,SILVER
687,Eiravati Bhavsar,F,38,Hyderabad,2025-01-15,REGULAR
688,Ishwar Bajaj,M,34,Ahemdabad,2026-03-17,REGULAR
689,Ikbal Gala,F,56,Jaipur,2026-05-19,REGULAR
690,Zaitra Ghosh,M,40,Chennai,2025-07-29,REGULAR
691,Ganga Sandhu,M,37,Kolkata,2025-05-20,GOLD
692,Nidhi Gour,M,38,Mumbai,2024-10-18,SILVER
693,Meghana Balakrishnan,F,25,Bangalore,2025-12-20,PLATINUM
694,Shivani Sanghvi,M,50,Jaipur,2025-03-25,REGULAR
695,Tanish Jha,M,54,Jaipur,2024-12-29,REGULAR
696,Harsh Yadav,M,49,Ahemdabad,2024-10-19,SILVER
697,Eshana Hegde,M,49,Pune,2025-05-17,SILVER
698,Adweta Suri,M,38,Chandigarh,2025-07-10,GOLD
699,Lipika Ramanathan,F,18,Chandigarh,2025-08-25,SILVER
700,Ijaya Pandey,M,42,Kanpur,2026-03-14,REGULAR
701,Orinder Mishra,F,49,Jaipur,2026-05-10,REGULAR
702,Krish Munshi,F,28,Mumbai,2024-08-26,GOLD
703,Dalaja Dada,M,36,Delhi,2024-10-16,PLATINUM
704,Lohit Vaidya,M,52,Pune,2025-03-24,SILVER
705,Lakshit Rajagopal,F,54,Chandigarh,2025-04-20,GOLD
706,Vidhi Yogi,M,35,Kanpur,2025-11-16,PLATINUM
707,Ojas Suri,M,46,Kanpur,2025-01-06,SILVER
708,Rachit Murty,F,24,Ahemdabad,2026-03-11,SILVER
709,Chatresh Parmer,F,20,Chandigarh,2024-06-03,PLATINUM
710,Laban Hayer,F,23,Chandigarh,2026-02-19,GOLD
711,Yashasvi Talwar,M,31,Kolkata,2025-04-09,PLATINUM
712,Ojasvi Sawhney,F,28,Kolkata,2025-06-10,SILVER
713,Fitan Balasubramanian,M,31,Delhi,2026-02-04,PLATINUM
714,Brinda Bali,F,56,Kanpur,2024-12-26,SILVER
715,Bhavya Ganguly,F,36,Pune,2026-01-23,PLATINUM
716,Warhi Vaidya,M,26,Jaipur,2024-08-22,GOLD
717,Amrita Peri,F,59,Bangalore,2025-07-22,SILVER
718,Ridhi Kamdar,M,27,Chennai,2025-04-22,SILVER
719,Yug Mishra,F,49,Bangalore,2026-04-06,PLATINUM
720,Shivani Lall,F,42,Chandigarh,2025-02-21,GOLD
721,Reva Dalal,M,43,Kanpur,2026-01-19,PLATINUM
722,Shaurya Panchal,F,47,Chandigarh,2026-03-26,PLATINUM
723,Noah Dewan,M,23,Chandigarh,2026-01-26,PLATINUM
724,Samuel Bhargava,M,52,Jaipur,2025-08-12,SILVER
725,Avni Yohannan,F,31,Chandigarh,2024-10-04,PLATINUM
726,Brinda Mann,F,36,Chennai,2025-08-14,SILVER
727,Yoshita Chandran,F,39,Ahemdabad,2024-09-09,GOLD
728,Daniel Malhotra,M,24,Ahemdabad,2026-03-31,REGULAR
729,Kevin Krish,M,25,Bangalore,2024-09-17,REGULAR
730,Yug Ramaswamy,F,18,Jaipur,2025-06-11,SILVER
731,Amruta Sachdeva,M,59,Pune,2025-03-14,SILVER
732,Faqid Chander,F,23,Ahemdabad,2025-04-04,PLATINUM
733,Jyoti Sha,F,23,Chennai,2025-06-10,SILVER
734,Aarnav Chander,M,43,Ahemdabad,2025-12-15,PLATINUM
735,Ishita Bhatnagar,M,45,Ahemdabad,2026-02-04,GOLD
736,Tejas Sanghvi,M,18,Hyderabad,2026-02-26,REGULAR
737,Warda Loyal,M,26,Kolkata,2025-02-01,SILVER
738,Geetika De,F,18,Delhi,2025-08-09,PLATINUM
739,Hemal Bava,M,45,Bangalore,2024-07-01,REGULAR
740,Tripti Babu,M,32,Jaipur,2024-08-31,GOLD
741,Ridhi Shan,M,24,Chennai,2024-05-27,PLATINUM
742,Samaksh Deo,F,26,Jaipur,2026-04-12,SILVER
743,Nathan Mahal,M,22,Kanpur,2024-08-07,GOLD
744,Zashil Butala,M,46,Chennai,2025-03-11,SILVER
745,Charles Randhawa,M,44,Kolkata,2025-09-24,REGULAR
746,Vivaan Sanghvi,M,23,Mumbai,2025-10-18,SILVER
747,Girish Agarwal,M,55,Jaipur,2024-11-08,PLATINUM
748,Faras Deo,F,38,Bangalore,2025-08-31,SILVER
749,Zilmil Saxena,F,59,Mumbai,2024-06-03,SILVER
750,Hemal Dara,F,19,Ahemdabad,2026-03-26,PLATINUM
751,Kevin Sridhar,M,51,Kolkata,2024-07-21,SILVER
752,Leela Chakraborty,F,36,Ahemdabad,2025-12-15,GOLD
753,Harshil Munshi,M,49,Jaipur,2025-03-08,GOLD
754,Laksh Raja,M,49,Ahemdabad,2026-01-17,GOLD
755,Luke Biswas,M,41,Chennai,2025-07-13,SILVER
756,Nitesh Sarraf,F,54,Jaipur,2025-02-23,PLATINUM
757,Max Sabharwal,M,48,Mumbai,2025-09-17,GOLD
758,Teerth Chadha,M,18,Pune,2026-04-23,SILVER
759,Logan Dasgupta,M,21,Jaipur,2025-08-27,PLATINUM
760,Indali Sanghvi,F,45,Jaipur,2025-01-26,GOLD
761,Yug Malhotra,M,35,Mumbai,2025-10-09,PLATINUM
762,Yuvraj Mane,M,50,Hyderabad,2026-01-22,SILVER
763,Charvi Jha,F,43,Kolkata,2025-07-03,GOLD
764,Manya Merchant,F,45,Hyderabad,2025-10-10,GOLD
765,Wriddhish Talwar,M,23,Jaipur,2025-03-22,GOLD
766,Wridesh Tata,F,57,Kolkata,2025-10-04,GOLD
767,Advik Patel,F,60,Ahemdabad,2026-05-22,SILVER
768,Kevin Ram,M,18,Bangalore,2026-03-26,GOLD
769,Jasmit Gera,M,49,Chennai,2026-01-09,PLATINUM
770,Elijah Badal,M,41,Bangalore,2025-08-26,PLATINUM
771,Akshay Lala,M,19,Chennai,2024-11-10,REGULAR
772,Darpan Rao,F,51,Mumbai,2025-06-24,PLATINUM
773,Yachana Sagar,M,49,Chandigarh,2025-04-21,PLATINUM
774,Fitan Yadav,M,49,Kolkata,2025-07-18,SILVER
775,Arunima Chacko,F,28,Pune,2025-01-22,GOLD
776,Yasti Jani,M,32,Kanpur,2026-02-13,GOLD
777,Eta Raman,M,18,Hyderabad,2025-08-25,GOLD
778,Dayita Sarkar,F,41,Jaipur,2025-12-14,SILVER
779,Dalbir Konda,M,20,Kanpur,2024-08-01,REGULAR
780,Jack Setty,M,38,Hyderabad,2025-09-14,REGULAR
781,Dayamai Gill,F,35,Mumbai,2024-08-27,PLATINUM
782,Laksh Apte,M,50,Ahemdabad,2024-10-01,GOLD
783,Idika Virk,M,32,Kanpur,2025-07-02,GOLD
784,Ojas Prabhu,F,22,Chandigarh,2024-09-02,PLATINUM
785,Jacob Balan,F,38,Mumbai,2025-02-11,REGULAR
786,Anita Viswanathan,M,41,Hyderabad,2024-07-15,PLATINUM
787,Faraj Taneja,F,57,Hyderabad,2025-05-15,REGULAR
788,Christopher Tata,F,55,Chandigarh,2026-03-25,SILVER
789,Jhalak Dugar,M,27,Delhi,2024-12-11,REGULAR
790,Jack Kari,M,32,Kanpur,2025-12-23,PLATINUM
791,Chaitanya Arora,M,39,Delhi,2024-12-02,REGULAR
792,Urmi Patla,F,24,Hyderabad,2025-03-20,SILVER
793,Praneel Banik,F,49,Delhi,2025-07-30,SILVER
794,Udarsh Nagy,F,23,Delhi,2024-12-05,SILVER
795,Ekaja Madan,F,41,Chandigarh,2026-02-27,GOLD
796,Kashish Dar,M,50,Bangalore,2025-06-20,REGULAR
797,Praneel Kapoor,M,55,Kolkata,2026-02-10,GOLD
798,Nandini Biswas,F,60,Bangalore,2026-04-08,SILVER
799,Barkha Mukhopadhyay,F,34,Chennai,2025-02-05,REGULAR
800,Tanmayi Anand,F,38,Chandigarh,2025-03-09,PLATINUM
801,Bishakha Modi,M,22,Hyderabad,2025-12-22,SILVER
802,Ucchal Pillay,M,27,Mumbai,2025-08-29,SILVER
803,Rohan Korpal,F,47,Chennai,2024-09-20,REGULAR
804,Nimrat Bajwa,M,52,Chennai,2024-11-23,SILVER
805,Aditya Nayak,F,37,Chandigarh,2024-05-28,PLATINUM
806,Damyanti Chawla,M,23,Bangalore,2024-11-02,PLATINUM
807,Oni Swamy,M,31,Chennai,2024-07-12,SILVER
808,Ati Chander,M,33,Chennai,2024-06-30,REGULAR
809,Zinal Sachar,M,37,Pune,2025-11-22,SILVER
810,Tara Chad,M,43,Chandigarh,2025-08-21,SILVER
811,Yashasvi Deol,M,47,Mumbai,2025-10-03,SILVER
812,Falan Bhatia,M,18,Delhi,2025-04-29,SILVER
813,Warjas Manne,M,30,Jaipur,2024-12-15,PLATINUM
814,Maya Narain,M,55,Kolkata,2025-01-29,PLATINUM
815,Anita Kaur,M,19,Mumbai,2024-07-24,SILVER
816,Laban Chopra,F,26,Mumbai,2024-09-24,PLATINUM
817,Nitesh Sengupta,M,20,Chandigarh,2025-05-23,GOLD
818,Niharika Dara,M,54,Jaipur,2025-07-17,REGULAR
819,Sarthak Seth,F,19,Jaipur,2025-01-21,REGULAR
820,Alka Dar,M,40,Hyderabad,2024-08-05,SILVER
821,Daksha Baria,F,35,Chandigarh,2024-11-10,SILVER
822,Manbir Chand,M,57,Kolkata,2025-11-30,SILVER
823,Ishani Randhawa,F,49,Jaipur,2025-06-29,REGULAR
824,Chandani Lad,M,23,Pune,2026-02-22,REGULAR
825,Azaan Ravel,M,44,Hyderabad,2026-03-21,SILVER
826,Zaid Chandra,M,42,Chennai,2025-05-20,REGULAR
827,Logan Dara,F,40,Kolkata,2024-06-05,PLATINUM
828,Tristan De,F,35,Bangalore,2024-10-27,GOLD
829,Kashish Chad,F,56,Hyderabad,2025-08-22,GOLD
830,Falan Bains,F,21,Chandigarh,2024-07-16,PLATINUM
831,Sachi Dave,M,28,Mumbai,2024-08-06,SILVER
832,Jason Basak,M,35,Kanpur,2025-05-20,GOLD
833,Om Sant,M,54,Jaipur,2026-02-24,PLATINUM
834,Watika Balan,M,29,Hyderabad,2025-03-20,PLATINUM
835,Orinder Pandya,F,55,Delhi,2024-11-09,PLATINUM
836,Anvi Mammen,M,54,Hyderabad,2025-05-08,REGULAR
837,Bakhshi Korpal,F,29,Chandigarh,2025-10-11,GOLD
838,Wishi Sabharwal,M,21,Hyderabad,2026-04-12,SILVER
839,Darsh Chahal,M,51,Chandigarh,2024-12-30,GOLD
840,Laksh Saini,F,57,Hyderabad,2024-10-28,SILVER
841,Anirudh Raja,F,29,Chennai,2026-01-24,GOLD
842,Varsha Sundaram,M,27,Kolkata,2025-02-18,SILVER
843,Lipika Madan,M,51,Chennai,2024-10-13,GOLD
844,Eiravati Kanda,F,60,Jaipur,2024-06-18,GOLD
845,Dalbir Sodhi,F,37,Chennai,2025-07-12,SILVER
846,Viraj Dutta,M,45,Ahemdabad,2024-08-12,REGULAR
847,Wridesh Lata,F,29,Kanpur,2025-07-15,PLATINUM
848,Theodore Rama,M,60,Kolkata,2025-02-26,SILVER
849,Patrick Khalsa,F,37,Pune,2025-08-30,SILVER
850,Jagrati Bala,M,18,Kolkata,2025-11-24,REGULAR
851,Lucky Guha,M,29,Kolkata,2026-03-07,PLATINUM
852,Dayamai Gill,M,58,Kolkata,2025-06-11,GOLD
853,Gautam Bhalla,F,27,Chennai,2024-11-23,GOLD
854,Anmol Vyas,M,40,Chennai,2025-06-02,SILVER
855,Garima Jaggi,M,60,Ahemdabad,2026-02-12,PLATINUM
856,Harini Goel,F,18,Pune,2026-05-10,SILVER
857,Daniel Bains,M,22,Chennai,2024-09-18,PLATINUM
858,Indrajit Vora,M,18,Delhi,2026-03-26,REGULAR
859,Elijah Prakash,F,44,Bangalore,2025-11-25,REGULAR
860,Harrison Nayar,F,42,Chennai,2025-01-16,REGULAR
861,Laban Dugar,M,48,Kolkata,2025-12-16,SILVER
862,Vidhi Nadig,M,46,Mumbai,2024-10-09,GOLD
863,Udant Gill,F,19,Chennai,2025-03-16,PLATINUM
864,Chaitaly Datta,M,22,Chennai,2024-10-12,SILVER
865,Mahika Bali,F,28,Mumbai,2024-10-15,GOLD
866,Timothy Chawla,F,56,Kolkata,2026-05-24,REGULAR
867,Lohit Narula,M,45,Ahemdabad,2025-12-26,SILVER
868,Wazir Palan,F,28,Delhi,2025-01-30,GOLD
869,Gaurang Nayak,F,31,Hyderabad,2025-05-08,REGULAR
870,Alka Kadakia,F,60,Pune,2024-12-06,PLATINUM
871,Inaya Kunda,M,24,Delhi,2026-01-28,REGULAR
872,Aarav Bava,F,27,Delhi,2025-03-22,PLATINUM
873,Oni Ganesan,M,45,Mumbai,2026-04-14,PLATINUM
874,Waida Radhakrishnan,F,30,Mumbai,2025-02-23,GOLD
875,Harrison Srinivas,M,28,Ahemdabad,2026-01-29,PLATINUM
876,Nicholas Seth,M,48,Mumbai,2024-07-23,PLATINUM
877,Chaitaly Bahri,F,48,Chandigarh,2025-01-29,PLATINUM
878,Henry Borah,M,59,Kanpur,2025-02-16,REGULAR
879,Keya Dyal,M,41,Jaipur,2025-12-16,PLATINUM
880,Girik Nigam,M,46,Delhi,2025-08-31,PLATINUM
881,Azaan Sankar,F,47,Pune,2025-10-16,SILVER
882,Radha Dugar,F,54,Delhi,2024-07-07,SILVER
883,Garima Jha,M,23,Ahemdabad,2024-10-21,PLATINUM
884,Alka Manda,F,55,Hyderabad,2025-01-12,GOLD
885,Gopal Bawa,F,51,Jaipur,2025-03-28,REGULAR
886,Mitesh Bhagat,M,48,Pune,2025-03-03,GOLD
887,Prisha Chahal,F,20,Kanpur,2025-01-10,SILVER
888,Ryan Chatterjee,M,46,Bangalore,2024-06-15,SILVER
889,Onkar Manne,M,30,Bangalore,2024-07-29,GOLD
890,Jack Morar,F,23,Ahemdabad,2026-01-26,REGULAR
891,Urishilla Suresh,M,58,Bangalore,2026-04-22,PLATINUM
892,Gavin Ram,F,22,Mumbai,2024-10-17,REGULAR
893,Lakshmi Pingle,F,53,Chennai,2024-10-18,PLATINUM
894,Chaitanya Lall,F,18,Kolkata,2025-05-03,REGULAR
895,Adya Kara,M,44,Bangalore,2026-03-08,SILVER
896,David Dora,M,24,Kolkata,2026-01-01,GOLD
897,Frederick Padmanabhan,F,52,Chennai,2026-02-13,REGULAR
898,Utkarsh Bhat,F,42,Ahemdabad,2026-03-11,REGULAR
899,Omya Wason,F,20,Bangalore,2025-11-11,PLATINUM
900,Warinder Soni,F,27,Kolkata,2025-01-14,REGULAR
901,Megha Banerjee,M,43,Chennai,2025-06-20,SILVER
902,Jai Sen,M,48,Pune,2024-10-08,PLATINUM
903,Siddharth Hans,M,39,Pune,2024-09-02,PLATINUM
904,Pallavi Brar,F,49,Ahemdabad,2025-11-08,GOLD
905,Saksham Divan,M,26,Pune,2026-03-05,REGULAR
906,Ekaja Bhavsar,F,35,Jaipur,2024-08-02,GOLD
907,Mekhala Nanda,M,46,Hyderabad,2026-03-23,REGULAR
908,Zinal Shanker,F,51,Chennai,2026-05-09,GOLD
909,Oni Chowdhury,M,22,Pune,2025-04-13,REGULAR
910,Manbir Chaudhry,M,51,Kolkata,2026-05-15,GOLD
911,Harrison Mangal,M,30,Hyderabad,2026-03-31,GOLD
912,Nirja Lalla,M,20,Chandigarh,2025-03-20,GOLD
913,Urvashi Barad,F,30,Pune,2024-10-07,PLATINUM
914,Neha Dhawan,F,50,Jaipur,2025-09-19,GOLD
915,Balvan Randhawa,M,33,Chennai,2026-04-17,REGULAR
916,Wazir Bawa,F,29,Chandigarh,2025-12-27,PLATINUM
917,Amruta Pradhan,F,28,Pune,2024-06-11,GOLD
918,Chavvi Mukhopadhyay,F,19,Jaipur,2024-12-30,GOLD
919,Guneet Kari,M,54,Hyderabad,2024-09-08,SILVER
920,Saanvi Nagi,M,31,Pune,2024-12-22,REGULAR
921,Gaurav Guha,M,18,Chandigarh,2025-05-05,SILVER
922,Niharika Sundaram,M,56,Delhi,2026-01-06,SILVER
923,Daksh Varma,F,56,Pune,2026-01-31,PLATINUM
924,Dominic Mukhopadhyay,F,42,Chennai,2025-11-29,REGULAR
925,Krishna Viswanathan,F,31,Chandigarh,2026-04-09,PLATINUM
926,Oscar Hans,F,55,Mumbai,2026-04-06,GOLD
927,Dalbir Krish,F,53,Ahemdabad,2024-06-21,PLATINUM
928,Chandresh Patel,F,24,Chandigarh,2025-11-25,GOLD
929,Anusha Pillay,F,35,Ahemdabad,2026-02-25,PLATINUM
930,Yashasvi Ranganathan,F,34,Ahemdabad,2025-10-02,PLATINUM
931,Azaan Khurana,M,27,Kanpur,2025-03-12,SILVER
932,Sanaya Goel,M,56,Jaipur,2026-04-03,PLATINUM
933,Inaya Padmanabhan,M,19,Ahemdabad,2024-10-01,REGULAR
934,Gautam Mane,F,34,Jaipur,2024-06-17,REGULAR
935,Chandran Gaba,F,20,Kolkata,2026-03-21,SILVER
936,Timothy Kar,F,32,Ahemdabad,2025-11-04,REGULAR
937,Amruta Rout,F,50,Pune,2025-06-29,SILVER
938,Aditya Som,M,36,Mumbai,2026-05-04,REGULAR
939,Oscar Anand,M,34,Kanpur,2024-11-16,SILVER
940,Dalaja Maharaj,F,59,Mumbai,2025-04-21,SILVER
941,Ikshita Sharaf,F,32,Pune,2024-12-08,REGULAR
942,Unnati Mittal,F,41,Pune,2025-11-03,PLATINUM
943,Harsh Amble,F,25,Chandigarh,2025-06-28,GOLD
944,Barkha Misra,M,48,Hyderabad,2025-11-09,GOLD
945,Vasatika Bhatt,F,51,Pune,2025-02-12,REGULAR
946,Ekta Malhotra,M,27,Bangalore,2024-12-15,SILVER
947,Raghav Doctor,F,44,Kolkata,2025-07-02,REGULAR
948,Dakshesh Raval,M,38,Bangalore,2025-10-22,GOLD
949,Logan Bal,F,39,Ahemdabad,2025-10-18,SILVER
950,Chakrika Lad,F,58,Delhi,2026-05-01,GOLD
951,Nidhi Rama,F,35,Hyderabad,2025-12-20,SILVER
952,Ranveer Oza,M,49,Mumbai,2025-12-12,SILVER
953,Vamakshi Parmer,F,58,Jaipur,2025-06-25,REGULAR
954,Onkar Golla,F,48,Jaipur,2025-01-10,GOLD
955,Urishilla Dave,M,52,Hyderabad,2025-12-23,PLATINUM
956,Qadim Nayak,M,38,Kanpur,2025-10-17,SILVER
957,Tristan Pant,M,18,Ahemdabad,2024-11-16,SILVER
958,Osha Narula,M,40,Pune,2025-03-11,SILVER
959,Chaitaly Sheth,M,42,Kanpur,2026-03-19,PLATINUM
960,Upma Bera,M,22,Delhi,2026-03-30,PLATINUM
961,Urmi Hayer,F,47,Kanpur,2025-06-19,PLATINUM
962,Lakshmi Wagle,F,26,Chennai,2025-01-13,REGULAR
963,Chatura Dora,F,30,Bangalore,2024-09-10,REGULAR
964,Hema Rout,M,32,Hyderabad,2025-08-12,SILVER
965,Luke Mutti,M,19,Kolkata,2026-03-27,SILVER
966,Faris Sura,M,41,Ahemdabad,2025-02-09,GOLD
967,Dhriti Bhardwaj,F,58,Pune,2024-05-30,GOLD
968,Anusha Kadakia,M,60,Mumbai,2026-01-08,GOLD
969,Nathan Suri,M,25,Jaipur,2026-01-26,REGULAR
970,Kai Saraf,F,25,Kanpur,2025-10-01,PLATINUM
971,Netra Sanghvi,F,27,Hyderabad,2025-06-01,GOLD
972,Aayush Barad,F,44,Ahemdabad,2025-07-15,GOLD
973,Kashvi Atwal,F,57,Kolkata,2026-04-19,SILVER
974,Rayaan Badami,F,24,Kanpur,2025-11-03,GOLD
975,Yuvraj Kara,F,25,Mumbai,2025-11-16,REGULAR
976,Devika Dayal,M,56,Hyderabad,2024-08-14,PLATINUM
977,Yahvi Mohan,M,40,Jaipur,2024-10-03,PLATINUM
978,Chakradev Misra,M,20,Kanpur,2025-01-07,REGULAR
979,Zinal Viswanathan,M,48,Chennai,2025-02-13,SILVER
980,Krish Oommen,M,18,Ahemdabad,2026-04-27,GOLD
981,Jagrati Guha,M,54,Ahemdabad,2024-10-02,REGULAR
982,Anirudh Kari,M,23,Kanpur,2024-11-17,GOLD
983,Siddharth Bains,M,34,Ahemdabad,2025-08-28,SILVER
984,Jatin Peri,F,36,Pune,2025-11-30,REGULAR
985,Keya Kumer,M,24,Bangalore,2026-01-16,GOLD
986,Chanakya Chokshi,F,41,Ahemdabad,2025-10-16,PLATINUM
987,Chanakya D’Alia,F,25,Mumbai,2025-04-15,GOLD
988,Lajita Dasgupta,M,26,Ahemdabad,2025-07-26,SILVER
989,Urvi Dua,F,40,Chandigarh,2024-11-02,PLATINUM
990,Charvi Salvi,M,41,Chennai,2025-10-22,SILVER
991,Zinal Madan,M,43,Jaipur,2025-09-22,REGULAR
992,Omya Cheema,F,42,Chandigarh,2025-06-28,REGULAR
993,Barkha Comar,M,25,Bangalore,2026-01-26,GOLD
994,Widisha Issac,M,24,Jaipur,2025-09-12,REGULAR
995,Adya Virk,F,29,Kolkata,2024-10-30,REGULAR
996,Nimrat Merchant,F,57,Delhi,2024-09-28,SILVER
997,Watika Johal,F,49,Mumbai,2025-11-12,REGULAR
998,Ganga Keer,F,20,Mumbai,2024-05-29,PLATINUM
999,Gaurav Choudhry,F,18,Ahemdabad,2026-03-06,SILVER
1000,Manthan Chana,F,51,Kanpur,2026-01-22,GOLD
